,cell_x,cell_y,cnt_cust*charger_val
0,127.0755771,37.22903674,345469.7654
1,127.0727728,37.3263772,281137.6085
2,127.0784163,37.32639744,157946.0334
3,127.0830059,37.31289289,138673.965
4,127.0896005,37.34536586,114740.448
5,127.1194316,37.25081941,86078.93271
6,127.1224001,37.33375708,85501.94447
7,127.0919852,37.32193808,76258.15674
8,127.1352178,37.25086909,74187.56652
9,127.075015,37.32908944,72041.68597
10,127.1069673,37.26249687,68404.25911
11,127.0897965,37.30931107,66873.91774
12,127.0800812,37.2299542,60523.665
13,127.1474911,37.27884961,59334.21207
14,127.0829909,37.315597,58646.05661
15,127.0942183,37.32645269,56328.29337
16,127.0753243,37.27410573,55749.73045
17,127.1171627,37.25351629,54664.2384
18,127.1147284,37.28866285,51140.24478
19,127.0818774,37.31288891,45973.32513
20,127.1134526,37.31750321,44728.62714
21,127.0728187,37.31826488,43294.73423
22,127.1370792,37.33290163,43235.87991
23,127.1452139,37.28334978,39686.12435
24,127.0626823,37.31462231,39475.83955
25,127.0987811,37.31745437,38780.00208
26,127.1666514,37.2825107,35280.99578
27,127.1475373,37.26893438,34786.02141
28,127.0956559,37.26876855,34602.23822
29,127.0705564,37.31915808,34114.80864
30,127.1705848,37.15632494,34065.56616
31,127.1972824,37.2393258,32624.90642
32,127.0660679,37.31463477,32467.0425
33,127.1082257,37.23726186,32359.19105
34,127.0834828,37.22636061,31926.42778
35,127.1134157,37.3247142,30841.43647
36,127.1193227,37.2724526,30797.29442
37,127.0762095,37.31737569,30161.53117
38,127.0740033,37.30835388,29711.59468
39,127.2119527,37.23575678,29211.34377
40,127.0676143,37.24162754,28788.89534
41,127.1362501,37.27070303,27052.63395
42,127.1193182,37.27335399,25188.53631
43,127.0696795,37.27498674,24870.85295
44,127.1113161,37.29406005,24217.07521
45,127.1088963,37.32560073,24058.02366
46,127.1156777,37.32382018,23686.9888
47,127.1803787,37.23747858,23333.6843
48,127.1103412,37.26431081,22882.09705
49,127.1452393,37.27794148,22868.92115
50,127.1058113,37.26790141,22399.42286
51,127.1317385,37.27068908,22252.28445
52,127.1149029,37.25441036,22008.66236
53,127.1373563,37.27521341,21628.72086
54,127.1530732,37.29148563,21619.23335
55,127.1531973,37.26444411,21589.31826
56,127.0721088,37.24434807,20766.01794
57,127.1259921,37.29230455,20680.22081
58,127.0841543,37.30929137,20334.74547
59,127.1068829,37.27872172,20260.19716
60,127.1860344,37.23298669,20026.29238
61,127.2119733,37.2303484,19909.9581
62,127.1306194,37.2688828,19692.53712
63,127.1408001,37.26260435,19367.90275
64,127.1123564,37.3111899,19301.60265
65,127.1475247,37.27163854,18851.81849
66,127.0977101,37.30663406,18752.61784
67,127.0964468,37.33186863,18009.54088
68,127.2657513,37.3377333,17930.18361
69,127.095347,37.32645656,17803.05266
70,127.1080436,37.2724158,17802.98017
71,127.0908322,37.32644103,17686.4802
72,127.1408301,37.25629465,17458.50684
73,127.0908761,37.31832869,17427.84505
74,127.0807339,37.31558903,17350.6928
75,127.0740744,37.29573467,17172.06955
76,127.0976669,37.31474642,16962.25214
77,127.0886877,37.30570166,16700.92108
78,127.1702243,37.23925354,16488.0975
79,127.0773684,37.3119715,16235.69285
80,127.0806888,37.32370136,16042.04919
81,127.1077676,37.325597,15665.87062
82,127.077434,37.30025367,15475.79103
83,127.0648354,37.33265798,15416.79833
84,127.1739711,37.15453147,15374.25152
85,127.1795068,37.17708192,15305.637
86,127.1070469,37.24717336,15129.57873
87,127.0931576,37.31382962,14851.96229
88,127.1170623,37.27334671,14747.13102
89,127.0687777,37.23532199,14586.78798
90,127.1632592,37.28430389,14557.21335
91,127.1103505,37.26250805,14256.92763
92,127.1995659,37.23212039,14141.58264
93,127.0841493,37.31019275,14072.26904
94,127.0997806,37.3417952,13804.10831
95,127.1145168,37.33012611,13556.14021
96,127.2187236,37.23397025,13478.57491
97,127.0897476,37.31832479,13258.38424
98,127.1984314,37.23392031,13185.72867
99,127.20423,37.1924702,13069.75792
100,127.1385618,37.25899194,12977.45844
101,127.0945329,37.26786332,12917.20801
102,127.1735988,37.2410657,12833.82911
103,127.0942377,37.32284721,12689.04671
104,127.0721801,37.23172872,12190.72079
105,127.1609989,37.28519883,12160.83863
106,127.1576187,37.28428771,12103.98153
107,127.2151482,37.28534152,12086.80569
108,127.0885747,37.3264332,12063.94223
109,127.0863717,37.31651026,11972.6665
110,127.091995,37.32013533,11938.68165
111,127.172483,37.23835841,11912.53132
112,127.2510637,37.34130886,11753.349
113,127.0941941,37.33095954,11672.44371
114,127.0919999,37.31923396,11648.09488
115,127.2164892,37.22855649,11596.8142
116,127.0931479,37.31563236,11474.09426
117,127.1023993,37.27329837,11454.10674
118,127.1217273,37.24271416,11383.90767
119,127.1080296,37.27511994,11298.33184
120,127.1270669,37.30312465,11296.48687
121,127.1713517,37.23925668,11121.88975
122,127.0695614,37.29571835,11060.27977
123,127.0930069,37.34177209,11041.17867
124,127.1124952,37.28414859,10861.78147
125,127.111279,37.30127106,10823.99245
126,127.1905105,37.2411111,10748.144
127,127.252308,37.30615721,10744.251
128,127.1270535,37.30582878,10724.63389
129,127.1793047,37.22485602,10722.253
130,127.0785271,37.3065673,10691.84904
131,127.1576391,37.27978079,10679.08853
132,127.086342,37.32191848,10660.15977
133,127.2163338,37.27002061,10618.40725
134,127.1258536,37.32024723,10531.3863
135,127.1984386,37.23211752,10412.98597
136,127.1160214,37.25621679,10316.01276
137,127.0672946,37.29751286,10163.65995
138,127.1235199,37.33556343,10015.20724
139,127.2065742,37.16903932,10013.669
140,127.0592757,37.31821522,9932.442125
141,127.1065872,37.33550833,9914.309609
142,127.1362457,37.27160442,9903.4297
143,127.125934,37.30402246,9901.267733
144,127.1396251,37.27251615,9850.907386
145,127.065038,37.29750459,9805.444357
146,127.0920388,37.31202299,9715.71741
147,127.1228054,37.252633,9586.336192
148,127.1111815,37.32019993,9480.553726
149,127.0930993,37.32464607,9477.701571
150,127.0998475,37.32917602,9447.413834
151,127.1383376,37.3058638,9188.578
152,127.1519658,37.28697541,9174.014445
153,127.1181584,37.27966002,9025.884401
154,127.085248,37.31560494,8961.479102
155,127.0998762,37.3237678,8943.55816
156,127.1115385,37.25079378,8894.110047
157,127.1101367,37.30397148,8826.817171
158,127.1554447,37.26625347,8724.5836
159,127.1799323,37.34294058,8571.250013
160,127.0930167,37.33996936,8488.256518
161,127.0649238,37.31733473,8422.118496
162,127.1754241,37.34112553,8390.294
163,127.0809489,37.27682996,8385.923766
164,127.0964082,37.33907959,8364.110129
165,127.1440646,37.2878533,8355.07674
166,127.1070188,37.25258166,8253.396666
167,127.1462872,37.29507112,8179.0
168,127.114572,37.31930964,8148.394716
169,127.2366766,37.2583494,8120.620226
170,127.1101507,37.30126735,8120.561711
171,127.0809589,37.27502721,8053.861703
172,127.0730531,37.27680175,7999.749898
173,127.1668142,37.24555381,7994.458348
174,127.1122731,37.32741462,7987.346433
175,127.102532,37.24805969,7985.31307
176,127.1860269,37.23478948,7955.785677
177,127.0800712,37.23175697,7939.477
178,127.2310796,37.2466186,7903.077769
179,127.1147651,37.28145181,7835.562021
180,127.0975227,37.34178754,7792.842837
181,127.158759,37.28158681,7668.163393
182,127.1079688,37.28683786,7667.36706
183,127.0705051,37.32817177,7657.067549
184,127.1125876,37.26612098,7599.5961
185,127.0864161,37.30839791,7538.463659
186,127.0862531,37.33814313,7428.842424
187,127.231086,37.24481581,7413.393957
188,127.2118223,37.27000971,7388.980974
189,127.0863519,37.32011574,7286.470954
190,127.1291864,37.33107438,7261.668854
191,127.150796,37.2959859,7170.969402
192,127.0637744,37.32093605,7159.448143
193,127.1009668,37.33098258,7130.299974
194,127.320239,37.21163265,7062.718928
195,127.4037396,37.13240529,7028.214
196,127.2075755,37.20149261,7010.266362
197,127.1485604,37.29147232,7007.730335
198,127.1009048,37.34270038,6994.771516
199,127.1325727,37.33108495,6918.473154
200,127.1576269,37.28248494,6899.708077
201,127.1927727,37.23931419,6846.482449
202,127.22655,37.25201664,6827.710341
203,127.1111304,37.33011503,6803.426138
204,127.139466,37.30586725,6761.917
205,127.1452309,37.27974425,6758.183094
206,127.0897329,37.3210289,6741.839618
207,127.3383406,37.1792079,6740.807
208,127.103702,37.23995101,6729.876922
209,127.1201924,37.32383475,6662.458651
210,127.1104202,37.2489873,6574.889099
211,127.1349393,37.30855754,6572.009095
212,127.128173,37.30763509,6531.371301
213,127.1655153,37.28431028,6468.824331
214,127.1362587,37.26890027,6430.071966
215,127.0796655,37.30476857,6377.09048
216,127.092034,37.31292436,6344.024776
217,127.1385705,37.25718917,6280.001083
218,127.1257866,37.33376784,6264.76884
219,127.1147238,37.28956423,6261.691708
220,127.1190637,37.32383113,6199.200206
221,127.0965673,37.30933434,6165.829743
222,127.1081977,37.24267017,6159.539059
223,127.116788,37.32742933,6140.197478
224,127.1182813,37.2553227,6135.815904
225,127.1587875,37.27527712,6117.243915
226,127.0897818,37.31201518,6104.093532
227,127.0965095,37.32015081,6087.994132
228,127.1091482,37.27692643,6084.720864
229,127.1182858,37.25442132,6060.207108
230,127.1122499,37.33192148,6059.262092
231,127.1484807,37.30859854,6047.391
232,127.1927837,37.23661001,6044.552408
233,127.1311727,37.15530743,5972.011
234,127.0808039,37.30296983,5946.280089
235,127.1305137,37.29051596,5934.913482
236,127.3214594,37.17197234,5917.092
237,127.1068548,37.28412999,5851.568539
238,127.0964902,37.3237563,5831.771181
239,127.1054536,37.33640594,5815.39264
240,127.2976576,37.22692017,5790.225963
241,127.1474869,37.27975099,5767.038813
242,127.1192455,37.28777607,5762.482915
243,127.0898259,37.30390283,5717.880676
244,127.1080062,37.27962684,5714.918622
245,127.1100017,37.33011132,5678.691816
246,127.1102158,37.28864807,5655.071078
247,127.1100063,37.32920995,5643.485978
248,127.0721342,37.23984116,5631.595166
249,127.0889721,37.25342179,5606.882871
250,127.1519409,37.2923837,5606.775645
251,127.1112187,37.31298894,5552.997858
252,127.0941553,37.3381705,5537.658918
253,127.0728238,37.31736351,5536.552492
254,127.0774188,37.30295779,5529.701354
255,127.1102297,37.28594394,5526.335907
256,127.0818374,37.32009987,5458.777153
257,127.0931673,37.31202687,5446.592527
258,127.1248504,37.29500511,5381.859228
259,127.0682941,37.32005124,5312.869342
260,127.2119561,37.23485538,5312.4185
261,127.0909543,37.30390673,5301.75289
262,127.1385661,37.25809056,5206.284229
263,127.1179396,37.32292611,5185.01171
264,127.1168155,37.32202109,5177.206693
265,127.1068642,37.28232723,5153.193053
266,127.2276289,37.26554014,5132.989597
267,127.1553995,37.2761687,5095.240695
268,127.1541808,37.29599584,5095.124694
269,127.1065919,37.33460696,5090.109412
270,127.0800762,37.23085558,5077.374
271,127.1147789,37.27874767,5065.864362
272,127.1123981,37.30307752,5056.958554
273,127.1223911,37.33555983,5036.731151
274,127.1657186,37.23833951,5015.216019
275,127.0648562,37.32905251,5013.530423
276,127.0716952,37.31735944,5010.452169
277,127.0857274,37.22817128,4992.014831
278,127.1884781,37.18702137,4963.45
279,127.1871505,37.23569386,4956.446068
280,127.0789589,37.22904881,4955.936
281,127.0889623,37.25522455,4857.256123
282,127.243207,37.32777123,4855.122
283,127.0807789,37.30747669,4855.110757
284,127.1474743,37.28245514,4854.230653
285,127.0762399,37.31196747,4832.826253
286,127.1067281,37.30846715,4813.291086
287,127.1111351,37.32921366,4803.716709
288,127.313408,37.23956571,4785.66
289,127.0964372,37.33367137,4782.982202
290,127.1125229,37.27874031,4756.127927
291,127.1099924,37.33191406,4748.810054
292,127.1203691,37.28868107,4706.345826
293,127.1679694,37.23924724,4697.814846
294,127.1206811,37.22648558,4696.103734
295,127.0744144,37.23534238,4692.528451
296,127.1068595,37.28322861,4675.742247
297,127.0976092,37.32556289,4674.767431
298,127.1224362,37.3265461,4658.187142
299,127.1950131,37.24292559,4655.301684
300,127.1542344,37.28427787,4644.341229
301,127.1447331,37.14543328,4642.944
302,127.0740693,37.29663605,4625.563814
303,127.1248236,37.30041338,4623.060312
304,127.2130596,37.24116789,4611.906504
305,127.1837948,37.22937512,4602.603831
306,127.1351222,37.27069956,4600.26655
307,127.2097774,37.21501914,4598.824094
308,127.3135256,37.19179123,4588.496
309,127.1236907,37.30131118,4571.485845
310,127.2153382,37.23486356,4570.1266
311,127.21525,37.25829981,4556.093
312,127.1292307,37.32206064,4553.668507
313,127.0694175,37.32095672,4543.021772
314,127.1860306,37.23388809,4531.194418
315,127.1201606,37.33014437,4514.561574
316,127.1248639,37.29230098,4492.465256
317,127.1373952,37.26710096,4490.252479
318,127.0908175,37.32914514,4451.135589
319,127.072834,37.31556078,4432.906434
320,127.0784264,37.32459471,4423.061757
321,127.0907295,37.34536977,4414.886
322,127.1486149,37.27975434,4380.174752
323,127.0785371,37.30476456,4317.775113
324,127.1259876,37.29320593,4316.413816
325,127.1283194,37.27788957,4296.127636
326,127.1204551,37.27155484,4261.814004
327,127.2006861,37.23392603,4242.029116
328,127.2074328,37.23844991,4227.434932
329,127.1002483,37.2534604,4225.387
330,127.0718128,37.2966279,4217.284014
331,127.1270446,37.30763153,4213.864313
332,127.1905289,37.23660414,4165.904213
333,127.1905695,37.2266888,4159.38
334,127.2431763,37.33678506,4102.883899
335,127.1069485,37.26610239,4101.084572
336,127.1021621,37.31836718,4085.954327
337,127.1960102,37.27537856,4082.508
338,127.201817,37.23302748,4072.082373
339,127.2216743,37.35115864,4037.653
340,127.1811108,37.33122572,4027.575
341,127.1020575,37.33819734,4021.733569
342,127.096413,37.33817822,4019.284838
343,127.1145029,37.33283023,4017.143482
344,127.0730735,37.27319624,4013.273073
345,127.0885207,37.33634826,4006.866248
346,127.2162797,37.28444284,3998.901019
347,127.0728442,37.31375804,3990.482596
348,127.1025746,37.23994723,3986.050792
349,127.145345,37.25540686,3977.904949
350,127.1111722,37.32200268,3969.68875
351,127.2785023,37.22418167,3960.997531
352,127.2174853,37.26371357,3957.869072
353,127.083334,37.25340208,3947.469
354,127.2064765,37.19427861,3934.0684
355,127.1543086,37.26805295,3915.289884
356,127.0784063,37.32820018,3904.731263
357,127.0889084,37.26513973,3904.389542
358,127.1721274,37.3203845,3902.46
359,127.0773533,37.31467561,3891.691716
360,127.1089663,37.31208013,3891.658214
361,127.1181538,37.2805614,3880.340261
362,127.085253,37.31470357,3874.408847
363,127.072885,37.30654707,3855.278392
364,127.1020908,37.33188775,3827.008973
365,127.1950421,37.23571444,3814.608359
366,127.0750201,37.32818807,3809.944305
367,127.0818973,37.30928342,3799.092338
368,127.1112883,37.29946831,3794.478024
369,127.068325,37.31464302,3783.02658
370,127.1102065,37.29045083,3771.921217
371,127.1610434,37.2752836,3752.950606
372,127.1632551,37.28520527,3734.979911
373,127.2118532,37.2618972,3733.974
374,127.1167789,37.32923207,3723.027769
375,127.1257732,37.33647196,3720.532988
376,127.0941601,37.33726913,3707.963008
377,127.0740439,37.30114291,3704.370293
378,127.1643912,37.28340571,3676.222029
379,127.114526,37.32832337,3660.607596
380,127.144141,37.27162841,3652.172687
381,127.060378,37.32272625,3646.918761
382,127.1054583,37.33550457,3641.439842
383,127.1905547,37.23029438,3629.748732
384,127.0873918,37.33634433,3625.37508
385,127.1994585,37.25916218,3621.852
386,127.1294783,37.27158343,3618.271906
387,127.0763056,37.30024964,3617.297118
388,127.1507793,37.29959142,3592.767041
389,127.2163608,37.26280948,3584.63041
390,127.3111801,37.22874531,3571.263
391,127.0741963,37.27410168,3563.293631
392,127.3135876,37.16655173,3552.448
393,127.0965239,37.3174467,3546.954754
394,127.1009477,37.33458806,3515.197178
395,127.0844567,37.25430743,3501.892526
396,127.2130288,37.24928044,3487.59719
397,127.0875495,37.30750048,3473.599995
398,127.0875199,37.31290871,3473.190351
399,127.1089243,37.3201925,3462.773818
400,127.3281751,37.19091197,3457.09
401,127.0830109,37.31199152,3451.128402
402,127.0976285,37.3219574,3451.004537
403,127.1226029,37.29319518,3448.771877
404,127.1102483,37.28233842,3446.361477
405,127.1102204,37.28774669,3445.263827
406,127.0986948,37.33367905,3444.256803
407,127.2332076,37.28267941,3443.901105
408,127.2976455,37.23142718,3428.579562
409,127.0875002,37.3165142,3411.673448
410,127.2163541,37.26461226,3409.047699
411,127.0567749,37.35966955,3388.916
412,127.1126753,37.2489947,3377.778275
413,127.0773886,37.30836602,3377.115519
414,127.1248191,37.30131476,3375.087865
415,127.1150679,37.22196046,3363.314073
416,127.2773433,37.23499637,3357.016
417,127.1010049,37.32377161,3349.539438
418,127.220852,37.26822855,3343.495598
419,127.1995516,37.23572597,3340.903263
420,127.106897,37.27601758,3337.243075
421,127.1135587,37.29677157,3320.010364
422,127.1665997,37.29422869,3291.616
423,127.2533127,37.34401774,3283.438397
424,127.2017886,37.24023864,3282.992146
425,127.0976044,37.32646426,3269.15495
426,127.110025,37.32560446,3245.799959
427,127.0988673,37.30122965,3242.788
428,127.0975516,37.33637933,3238.943285
429,127.1984134,37.23842729,3238.509023
430,127.0795601,37.32369735,3225.125789
431,127.0957186,37.25705061,3223.542
432,127.0819123,37.30657931,3217.212049
433,127.2499497,37.33679957,3216.183979
434,127.0907931,37.33365199,3215.75245
435,127.2175828,37.23757315,3213.254152
436,127.0987284,37.32736946,3210.748033
437,127.1122685,37.32831599,3207.097468
438,127.1203737,37.28777969,3206.261967
439,127.1325639,37.3328877,3198.03667
440,127.0863568,37.31921437,3188.109452
441,127.1339987,37.2697947,3187.059225
442,127.1916416,37.24021265,3186.669123
443,127.1622398,37.25996326,3179.314269
444,127.1961622,37.23752013,3170.416828
445,127.0775449,37.28042344,3164.491924
446,127.1305754,37.27789663,3147.76885
447,127.3247762,37.1990197,3131.226
448,127.1058818,37.25438068,3123.029923
449,127.2107289,37.26099305,3118.862
450,127.0947888,37.22009001,3118.684
451,127.2841203,37.23050189,3105.68
452,127.3992218,37.1432186,3089.999
453,127.0762146,37.31647432,3077.741066
454,127.3190344,37.24408147,3073.752
455,127.141962,37.25539668,3072.820242
456,127.1469726,37.14814422,3069.978
457,127.0806838,37.32460273,3065.078915
458,127.1554077,37.27436593,3061.259598
459,127.1170441,37.27695223,3046.769434
460,127.1145444,37.32471788,3045.26698
461,127.0796354,37.3101768,3039.150183
462,127.1632712,37.28159973,3037.023106
463,127.1102669,37.27873291,3036.997922
464,127.076437,37.2768139,3030.835583
465,127.1179441,37.32202474,3029.659192
466,127.2852297,37.23681375,3028.644
467,127.0660005,37.32635256,3027.538535
468,127.1667626,37.25727187,3014.368823
469,127.2164554,37.23757045,3012.919483
470,127.1610555,37.27257945,3012.392245
471,127.1645112,37.25636412,3012.248231
472,127.2061934,37.26729168,3005.258
473,127.1047212,37.2606866,3004.293624
474,127.1611161,37.25905865,2999.464103
475,127.2096219,37.25558194,2992.959758
476,127.0672791,37.30021698,2991.179734
477,127.1125691,37.26972651,2990.746536
478,127.2251142,37.33674447,2988.214
479,127.1146686,37.30038076,2981.890753
480,127.1035887,37.26158421,2979.803376
481,127.1667785,37.25366632,2968.121564
482,127.1576799,37.27076694,2956.856999
483,127.1882705,37.23749962,2953.678556
484,127.1553954,37.27707009,2922.700178
485,127.15542,37.27166178,2905.832203
486,127.2399543,37.28900421,2905.728
487,127.2219931,37.26462564,2893.140035
488,127.3111711,37.23235092,2891.252
489,127.0649446,37.31372926,2888.324084
490,127.0750911,37.3155689,2885.313374
491,127.0773835,37.30926739,2869.761491
492,127.0999001,37.31926094,2868.968389
493,127.2130835,37.23485812,2867.558622
494,127.1127306,37.23817808,2864.332049
495,127.2187203,37.23487164,2834.462395
496,127.095318,37.33186478,2832.583739
497,127.0693918,37.32546356,2827.060135
498,127.0998667,37.32557054,2823.142425
499,127.3259196,37.19181009,2821.122
500,127.2174078,37.28444554,2811.19154
501,127.06042,37.31551531,2798.223892
502,127.0807889,37.30567394,2791.838438
503,127.1237177,37.29590291,2783.839055
504,127.1621472,37.28069514,2780.37107
505,127.2522548,37.32238217,2776.185
506,127.2499616,37.33319404,2773.917451
507,127.1113254,37.29225729,2757.009214
508,127.2443083,37.33588612,2754.619402
509,127.1328752,37.26888982,2751.598928
510,127.11152,37.25439931,2751.351866
511,127.268236,37.26382379,2750.001
512,127.2499646,37.33229265,2748.553821
513,127.0853273,37.30118298,2738.040835
514,127.218603,37.26642043,2729.381882
515,127.1848958,37.23568788,2726.305292
516,127.0807088,37.32009588,2725.775312
517,127.2264261,37.28626952,2718.876
518,127.1116079,37.237273,2718.834988
519,127.1607803,37.33387335,2718.734557
520,127.0830507,37.30478054,2717.311318
521,127.102257,37.3003397,2712.348741
522,127.1024041,37.27239699,2707.646311
523,127.1293546,37.29682209,2707.223461
524,127.089674,37.33184534,2703.695548
525,127.1150358,37.22827018,2693.643696
526,127.0830557,37.30387917,2691.936215
527,127.0912127,37.25613374,2691.081737
528,127.121583,37.27155846,2690.953263
529,127.1224046,37.33285571,2687.84475
530,127.1281686,37.30853646,2685.283416
531,127.0934196,37.26515531,2680.993598
532,127.1181811,37.27515312,2680.132956
533,127.1149121,37.25260759,2675.847331
534,127.1442174,37.25540348,2663.861481
535,127.1531725,37.26985242,2658.954774
536,127.0998428,37.3300774,2656.576632
537,127.1995337,37.24023294,2647.428378
538,127.1408515,37.25178772,2644.998953
539,127.1543292,37.26354602,2644.493324
540,127.1212758,37.3328521,2644.162817
541,127.2075024,37.22042199,2640.702
542,127.0942813,37.31473486,2638.202178
543,127.2053568,37.19247301,2637.479473
544,127.2108288,37.23485264,2626.943143
545,127.1271914,37.27788602,2626.088058
546,127.0784314,37.32369334,2622.507001
547,127.1576432,37.2788794,2616.696463
548,127.1147881,37.27694491,2613.664482
549,127.0687263,37.24433579,2607.009678
550,127.1363454,37.25087256,2604.803163
551,127.0930458,37.33456114,2600.286455
552,127.3710348,37.16482533,2593.06
553,127.1112836,37.30036969,2588.335532
554,127.1826599,37.23117489,2587.891126
555,127.0929777,37.3471803,2576.94
556,127.1000243,37.29582521,2571.504
557,127.1135726,37.29406744,2564.101081
558,127.0843626,37.27143363,2560.838087
559,127.0896495,37.33635218,2553.447423
560,127.0773028,37.32368931,2548.367296
561,127.0909494,37.30480811,2539.182689
562,127.1724713,37.24106258,2536.749783
563,127.0956656,37.26696579,2534.948666
564,127.1092088,37.26520848,2533.689508
565,127.0829411,37.32461071,2530.906185
566,127.1111862,37.31929856,2530.201101
567,127.2245832,37.1726882,2529.072
568,127.1112929,37.29856693,2528.912244
569,127.105463,37.3346032,2526.82245
570,127.1371962,37.30856448,2517.804167
571,127.157402,37.33206084,2517.447425
572,127.1123194,37.31840089,2511.067141
573,127.1668103,37.2464552,2509.735062
574,127.1111212,37.33191778,2507.635405
575,127.2521748,37.34671953,2497.241137
576,127.1530442,37.2977953,2492.592664
577,127.0706641,37.30022931,2486.382416
578,127.2522045,37.3377057,2481.678316
579,127.1736026,37.24016431,2479.989695
580,127.1148019,37.27424077,2477.19178
581,127.1239374,37.2517352,2475.784514
582,127.1134388,37.32020733,2475.244997
583,127.2098533,37.19518834,2469.671575
584,127.0907784,37.33635609,2467.139642
585,127.1170395,37.27785361,2465.548873
586,127.1193136,37.27425537,2461.203926
587,127.1610191,37.28069191,2460.795018
588,127.0763006,37.30115101,2460.076075
589,127.3721369,37.17924919,2458.462
590,127.0739422,37.31917032,2450.006031
591,127.2018205,37.23212609,2442.20581
592,127.0840599,37.32641742,2435.917634
593,127.093143,37.31653373,2433.597001
594,127.0774138,37.30385916,2433.287988
595,127.1795411,37.16896929,2432.84
596,127.1385575,37.25989333,2415.246278
597,127.2121821,37.17536296,2413.494
598,127.0875642,37.30479636,2412.479993
599,127.1225849,37.2968007,2408.215237
600,127.1071404,37.22914565,2408.191952
601,127.0975275,37.34088617,2401.444638
602,127.1215785,37.27245984,2392.904554
603,127.0852282,37.31921042,2391.088873
604,127.1666474,37.28341208,2385.415039
605,127.0874707,37.32192242,2380.666345
606,127.1012857,37.27059044,2374.367489
607,127.0796605,37.30566994,2369.346788
608,127.2073212,37.26729448,2367.756
609,127.0818874,37.31108617,2365.443797
610,127.0796555,37.30657131,2357.90086
611,127.06379,37.31823195,2356.512957
612,127.1102111,37.28954945,2350.307826
613,127.1136002,37.28865917,2350.05389
614,127.1520073,37.27796157,2349.193593
615,127.1656827,37.24645202,2338.510193
616,127.1114088,37.27603247,2337.751536
617,127.0931528,37.31473099,2333.369337
618,127.0602782,37.3398522,2332.8
619,127.0807989,37.3038712,2332.373315
620,127.2481426,37.2015858,2326.86
621,127.2054128,37.17805057,2325.864
622,127.3992314,37.13600723,2322.864
623,127.3202646,37.20081576,2315.53
624,127.1113764,37.28234213,2313.543938
625,127.0879868,37.22727776,2311.67149
626,127.0784466,37.32098923,2310.855823
627,127.0626928,37.31281957,2309.506287
628,127.2180421,37.11408063,2305.732
629,127.1736065,37.23926291,2297.163334
630,127.0851638,37.33092823,2287.257765
631,127.0922383,37.2750666,2286.048897
632,127.2121856,37.17446156,2286.036
633,127.2555649,37.34582519,2284.229077
634,127.1133787,37.33192517,2282.149123
635,127.0807739,37.30837806,2278.005878
636,127.1688206,37.30234746,2272.61
637,127.2162729,37.28624562,2270.956979
638,127.1179076,37.32923572,2268.147721
639,127.1216732,37.25353079,2266.313767
640,127.1215515,37.27786812,2264.473472
641,127.1294518,37.27699172,2260.104063
642,127.4105339,37.09905789,2259.708
643,127.093075,37.32915293,2258.141457
644,127.0661715,37.29660736,2254.995158
645,127.243397,37.27188516,2254.292214
646,127.265824,37.31429727,2250.88585
647,127.102048,37.34000008,2244.377515
648,127.2076832,37.17354913,2243.082
649,127.1046316,37.27781282,2239.861036
650,127.1508543,37.28336655,2234.600868
651,127.107716,37.33551208,2229.433241
652,127.2195603,37.31239389,2224.98
653,127.1122407,37.33372422,2220.361126
654,127.2253733,37.26553493,2208.867674
655,127.2931486,37.22691238,2208.083972
656,127.2286564,37.29348583,2200.8
657,127.0977149,37.30573269,2199.4912
658,127.0900167,37.26874916,2183.526763
659,127.1609908,37.2870016,2177.634381
660,127.2141223,37.2582971,2170.366
661,127.2118497,37.26279859,2168.439
662,127.1927764,37.2384128,2164.273025
663,127.25567,37.31337535,2161.868
664,127.0919463,37.32914904,2159.456091
665,127.1136647,37.27603986,2158.13504
666,127.0841691,37.30658726,2157.394409
667,127.2209684,37.23667977,2156.6967
668,127.0886926,37.30480029,2150.73017
669,127.1112001,37.31659444,2148.490955
670,127.1419236,37.26350915,2146.043014
671,127.0762348,37.31286884,2144.684492
672,127.1112976,37.29766556,2139.730669
673,127.0742014,37.27320031,2138.042257
674,127.1362631,37.26799888,2137.755537
675,127.3890943,37.13870245,2136.7
676,127.2322136,37.24481836,2130.732269
677,127.1145536,37.32291513,2125.824997
678,127.1666355,37.28611623,2119.673577
679,127.1078659,37.30666815,2106.814331
680,127.1577085,37.26445724,2100.745951
681,127.0942328,37.32374858,2100.634887
682,127.0922918,37.26515143,2095.629189
683,127.2500004,37.32147604,2087.532
684,127.2295748,37.35207835,2086.824
685,127.034124,37.37039905,2080.344
686,127.1228098,37.25173162,2080.298563
687,127.3563891,37.16661132,2077.656
688,127.0964564,37.33006589,2071.645413
689,127.0684177,37.29841835,2068.38396
690,127.1293015,37.30763863,2066.822464
691,127.0992734,37.22461228,2063.838765
692,127.132621,37.32116983,2061.474
693,127.0967742,37.27057516,2061.465809
694,127.1259474,37.30131833,2059.935202
695,127.0975467,37.3372807,2057.513165
696,127.1134065,37.32651694,2049.738975
697,127.0727626,37.32817994,2043.744808
698,127.1021145,37.3273809,2037.928097
699,127.1246757,37.33015877,2032.975109
700,127.0930312,37.33726525,2030.428092
701,127.1071591,37.2255401,2026.556
702,127.1114598,37.26611728,2021.762933
703,127.1201833,37.3256375,2020.698486
704,127.1102855,37.27512739,2019.633973
705,127.121425,37.30310674,2016.597369
706,127.2499706,37.33048989,2010.377
707,127.0830407,37.30658329,2008.655644
708,127.1565684,37.26715813,2005.221874
709,127.1101553,37.30036598,2002.945452
710,127.0841642,37.30748863,1997.234084
711,127.2352204,37.35209112,1988.792
712,127.056918,37.33533275,1984.496781
713,127.1238299,37.27336841,1980.80386
714,127.1657623,37.2284242,1980.534529
715,127.1235559,37.32835244,1971.781291
716,127.0728748,37.30834981,1964.574467
717,127.253651,37.24035788,1964.118
718,127.1496468,37.30048947,1963.518841
719,127.099881,37.32286643,1962.936338
720,127.0895956,37.34626723,1957.885
721,127.184892,37.23658927,1951.190125
722,127.0901193,37.24982017,1951.149
723,127.2163169,37.27452756,1947.256796
724,127.2320859,37.28087409,1943.371593
725,127.0671551,37.32184985,1942.680999
726,127.069905,37.23532609,1940.179046
727,127.1194406,37.24901664,1936.843805
728,127.0922189,37.27867211,1932.355398
729,127.0682476,37.32816355,1930.592531
730,127.0899873,37.27415743,1929.604677
731,127.0864358,37.30479242,1928.75924
732,127.153036,37.29959806,1927.647504
733,127.1146594,37.30218351,1923.757977
734,127.0930799,37.32825156,1923.076053
735,127.1080343,37.27421856,1919.945502
736,127.1370879,37.33109888,1919.546654
737,127.2177676,37.18799617,1918.253
738,127.1168429,37.31661284,1918.231426
739,127.161007,37.28339606,1917.248011
740,127.4138631,37.14052588,1916.648
741,127.1678943,37.25637365,1905.494754
742,127.1837157,37.24830437,1903.128
743,127.1135403,37.30037708,1902.380162
744,127.0964179,37.33727685,1901.586496
745,127.1927983,37.23300443,1899.340739
746,127.1150221,37.23097434,1899.178205
747,127.0694535,37.31464714,1898.909434
748,127.2219765,37.2691326,1895.187
749,127.1961767,37.23391455,1895.174366
750,127.0661456,37.30111422,1894.795836
751,127.1168384,37.31751422,1892.499583
752,127.1171718,37.25171352,1890.401942
753,127.1349306,37.3103603,1890.061476
754,127.0729105,37.30204021,1882.185016
755,127.2310828,37.24571721,1878.923175
756,127.1531932,37.26534549,1877.39286
757,127.1102576,37.28053566,1875.468841
758,127.0918634,37.34447231,1875.012971
759,127.1216822,37.25172802,1871.905152
760,127.1305974,37.27338972,1870.682556
761,127.2457346,37.24755238,1863.71
762,127.2186801,37.24568839,1860.73997
763,127.1237087,37.29770567,1854.404955
764,127.0524721,37.323598,1852.866
765,127.0942765,37.31563624,1852.678164
766,127.0796505,37.30747268,1851.587775
767,127.0671344,37.32545532,1845.828941
768,127.2142211,37.23215666,1841.219034
769,127.189409,37.2347984,1838.714841
770,127.1765453,37.34293137,1838.075
771,127.2323856,37.19614279,1836.728
772,127.0767094,37.22813939,1833.667146
773,127.0841245,37.3146996,1833.106914
774,127.1872026,37.22307433,1830.418218
775,127.1150542,37.22466462,1827.440332
776,127.0695563,37.29661972,1825.723238
777,127.1011287,37.3003359,1820.312
778,127.0897231,37.32283164,1817.033219
779,127.0919511,37.32824767,1805.599382
780,127.2469255,37.22862544,1801.44
781,127.1968886,37.33757692,1796.202
782,127.1134757,37.31299634,1793.849294
783,127.0738862,37.32908538,1791.645802
784,127.1043578,37.33009258,1788.653479
785,127.0886484,37.31291264,1786.663667
786,127.0953712,37.3219497,1773.593684
787,127.1100902,37.31298523,1769.049579
788,127.0717924,37.30023339,1766.931405
789,127.1531229,37.28066904,1766.70036
790,127.1066436,37.32469188,1765.808881
791,127.1224813,37.31753236,1765.762329
792,127.2510666,37.34040748,1765.502
793,127.0863667,37.31741163,1763.871403
794,127.1679378,37.24645837,1761.180438
795,127.1291819,37.33197576,1761.090519
796,127.200679,37.23572882,1755.65964
797,127.1203193,37.29859623,1755.3342
798,127.1159298,37.27424444,1749.353835
799,127.0839953,37.33813521,1747.739011
800,127.2231176,37.26552967,1743.438331
801,127.1105176,37.23005821,1743.220628
802,127.1236863,37.30221256,1742.995938
803,127.2164386,37.24207743,1742.189874
804,127.1292041,37.32746889,1742.16392
805,127.1531684,37.27075381,1740.089538
806,127.1100156,37.3274072,1739.691112
807,127.141633,37.32480302,1737.771
808,127.1058395,37.26249312,1736.802928
809,127.2355488,37.25834689,1735.527993
810,127.1167835,37.3283307,1730.676468
811,127.2854823,37.14757442,1728.545
812,127.1235154,37.3364648,1728.158
813,127.0850795,37.34625148,1725.184
814,127.198417,37.23752589,1725.050886
815,127.1035036,37.27780905,1724.205364
816,127.1192864,37.27966365,1718.579809
817,127.2987729,37.2314291,1717.273155
818,127.0671241,37.32725806,1715.981059
819,127.1127629,37.23186837,1712.982217
820,127.1950203,37.2411228,1711.605613
821,127.1181629,37.27875864,1708.504643
822,127.0931382,37.3174351,1707.663791
823,127.1058771,37.25528206,1706.613748
824,127.1530649,37.29328839,1705.478031
825,127.107894,37.3012599,1703.317268
826,127.1804357,37.22395767,1702.479
827,127.068428,37.29661561,1701.918622
828,127.1517663,37.33024161,1696.964
829,127.1939111,37.23661293,1693.177538
830,127.3642301,37.19095877,1688.364
831,127.2295522,37.358388,1686.794
832,127.197678,37.14017164,1685.454901
833,127.189457,37.22308027,1684.294167
834,127.1190682,37.32292975,1682.927928
835,127.2521926,37.34131124,1682.603
836,127.0741659,37.27950994,1682.577069
837,127.0952987,37.33547026,1681.405992
838,127.0773583,37.31377424,1680.538675
839,127.0708074,37.27499084,1679.812998
840,127.1162042,37.22016134,1679.665016
841,127.284128,37.22779769,1678.508
842,127.1077207,37.33461071,1675.681091
843,127.1046458,37.27510869,1672.574075
844,127.096495,37.32285493,1671.474359
845,127.0998571,37.32737328,1671.383329
846,127.0743587,37.24525757,1662.864213
847,127.4026137,37.13240437,1660.916
848,127.0997758,37.34269657,1659.807142
849,127.0709762,37.24524537,1658.022765
850,127.0730786,37.27229487,1657.977866
851,127.0829959,37.31469563,1657.724955
852,127.0739117,37.32457854,1656.042093
853,127.0796756,37.30296582,1655.007345
854,127.1983128,37.26366627,1654.786795
855,127.0409551,37.36141197,1654.044
856,127.1383117,37.31127207,1652.279706
857,127.1182949,37.25261855,1651.582203
858,127.094228,37.32464995,1651.57814
859,127.2145808,37.13660787,1646.115
860,127.1294474,37.2778931,1645.559251
861,127.1519243,37.29598922,1644.086687
862,127.2354353,37.29079698,1635.627107
863,127.1009286,37.33819354,1634.707836
864,127.112703,37.24358639,1630.371322
865,127.0953518,37.32555519,1629.134801
866,127.0987715,37.31925712,1628.388499
867,127.1224136,37.33105297,1628.002748
868,127.2042335,37.1915688,1627.551394
869,127.1440434,37.29236021,1625.984
870,127.110253,37.28143704,1623.051203
871,127.0730582,37.27590037,1618.908311
872,127.1925969,37.28258092,1617.096
873,127.2829775,37.23590824,1613.608
874,127.1916563,37.23660708,1613.105574
875,127.1480987,37.14814757,1608.995
876,127.0671034,37.33086353,1602.05091
877,127.21951,37.32591465,1601.67
878,127.3021242,37.24315302,1600.948
879,127.1598708,37.28519559,1598.358328
880,127.0853124,37.3038871,1596.943012
881,127.1113439,37.28865178,1595.250748
882,127.0898161,37.30570558,1594.412107
883,127.1148065,37.27333939,1593.981065
884,127.4172488,37.13331691,1592.22
885,127.0845655,37.23447702,1588.006
886,127.2511142,37.32598534,1582.209
887,127.0796003,37.3164864,1577.251298
888,127.1046835,37.26789764,1577.14715
889,127.1373693,37.27250926,1574.473929
890,127.0732871,37.23533832,1574.011184
891,127.2570275,37.24216767,1572.192
892,127.2164487,37.23937325,1570.980422
893,127.1102809,37.27602877,1570.861208
894,127.1782656,37.20412086,1567.536
895,127.1294651,37.27428758,1567.333525
896,127.1124767,37.2877541,1566.395026
897,127.1092973,37.24808221,1563.037787
898,127.0885551,37.33003868,1562.632959
899,127.0789689,37.22724605,1562.348
900,127.0953083,37.33366752,1561.523709
901,127.099838,37.33097877,1561.412248
902,127.0637848,37.31913331,1557.951769
903,127.0830457,37.30568192,1556.993318
904,127.0908468,37.32373692,1556.287606
905,127.3258969,37.20172559,1548.003
906,127.1571194,37.14546976,1537.71
907,127.083329,37.25430346,1535.540223
908,127.1181174,37.28777244,1535.008789
909,127.1463757,37.27614209,1534.28756
910,127.0930215,37.33906799,1533.478782
911,127.0919609,37.32644493,1531.884231
912,127.0751368,37.30745657,1530.711028
913,127.1328708,37.2697912,1530.320985
914,127.0626875,37.31372094,1529.946832
915,127.1950385,37.23661584,1528.354029
916,127.1009191,37.33999628,1527.492334
917,127.1905326,37.23570274,1526.432003
918,127.2118326,37.26730554,1524.709514
919,127.0863618,37.318313,1521.346488
920,127.2499676,37.33139127,1520.640171
921,127.1531436,37.27616212,1517.085758
922,127.109997,37.33101269,1515.834911
923,127.0742116,37.27139755,1515.520301
924,127.1765415,37.34383275,1515.37
925,127.1728255,37.15903539,1514.578547
926,127.0998523,37.32827465,1512.769315
927,127.1804472,37.22125349,1511.644355
928,127.2965279,37.22781964,1509.96102
929,127.0913588,37.22909225,1504.285
930,127.076169,37.32458664,1504.091861
931,127.2863749,37.23050598,1503.245
932,127.2332584,37.26825716,1501.74
933,127.2522104,37.33590294,1501.151747
934,127.071685,37.31916217,1498.97681
935,127.2276613,37.25652621,1498.512552
936,127.0909055,37.31292046,1495.183145
937,127.2175593,37.24388292,1494.011478
938,127.0784365,37.32279197,1490.995965
939,127.1092414,37.25889881,1489.524582
940,127.0775549,37.27862069,1488.67678
941,127.0547294,37.32360652,1487.873
942,127.2208054,37.28084802,1487.24
943,127.2174516,37.27272748,1486.886736
944,127.0930604,37.33185704,1483.953953
945,127.1369543,37.12377569,1482.21
946,127.0874805,37.32011968,1481.508495
947,127.0832247,37.27323242,1478.41606
948,127.1283593,37.26977713,1477.794902
949,127.1034989,37.27871043,1477.715458
950,127.2063053,37.23844712,1477.178004
951,127.1520156,37.2761588,1473.778938
952,127.1125044,37.28234583,1472.965203
953,127.1720373,37.34111619,1470.060027
954,127.1091762,37.27151815,1469.497626
955,127.2141632,37.24748038,1468.308173
956,127.0931236,37.32013922,1467.202756
957,127.0919219,37.33365589,1466.63612
958,127.0911445,37.26875306,1464.564576
959,127.0719354,37.27499492,1464.548966
960,127.2276256,37.26644153,1461.49977
961,127.1236818,37.30311393,1455.91051
962,127.3246573,37.25039976,1455.267
963,127.1133834,37.3310238,1453.249815
964,127.192791,37.23480722,1453.151923
965,127.0740236,37.3047484,1452.792873
966,127.2965182,37.23142525,1452.198
967,127.0913636,37.22819086,1450.33
968,127.3225247,37.19811494,1448.34
969,127.1067375,37.30666441,1447.725294
970,127.0671654,37.32004712,1447.434385
971,127.0683147,37.31644576,1446.914567
972,127.2965231,37.22962244,1446.245973
973,127.0902169,37.23179251,1445.98
974,127.1765531,37.34112862,1443.435
975,127.1065778,37.33731107,1443.025066
976,127.2999049,37.2296282,1442.761432
977,127.0851688,37.33002686,1437.984095
978,127.0761488,37.32819212,1436.963339
979,127.1485982,37.28335988,1436.543924
980,127.2513131,37.26559226,1435.2
981,127.2153552,37.23035658,1431.957287
982,127.1089149,37.32199524,1430.719246
983,127.1367475,37.16704302,1429.694
984,127.2163439,37.26731644,1429.325851
985,127.0751114,37.31196342,1427.016912
986,127.1170578,37.27424809,1425.714681
987,127.0898993,37.29038221,1423.874
988,127.1070141,37.25348304,1419.228226
989,127.1305622,37.28060077,1418.809818
990,127.1113625,37.28504627,1418.136787
991,127.2007003,37.23032045,1417.666632
992,127.1259831,37.29410731,1417.198942
993,127.0854707,37.27504309,1417.014819
994,127.227697,37.24661087,1415.747393
995,127.1080109,37.27872546,1414.69824
996,127.087446,37.32642927,1414.354071
997,127.2208021,37.28174941,1413.379
998,127.104608,37.28231972,1410.389402
999,127.1058207,37.26609864,1409.713451
1000,127.1113347,37.29045454,1409.500036
1001,127.11016,37.2994646,1405.315663
1002,127.0807138,37.31919451,1402.142661
1003,127.1090643,37.29315124,1402.142551
1004,127.2087335,37.19338277,1401.199001
1005,127.1081884,37.24447294,1400.766756
1006,127.075081,37.31737164,1400.19646
1007,127.127227,37.27067496,1398.427319
1008,127.0987332,37.32646809,1396.925668
1009,127.2410763,37.29080946,1396.586461
1010,127.1023851,37.27600251,1396.347833
1011,127.125943,37.30221971,1396.305859
1012,127.1850307,37.20323763,1394.745
1013,127.1009811,37.32827847,1393.89263
1014,127.1508127,37.29238038,1391.295703
1015,127.087515,37.31381008,1391.025008
1016,127.1518204,37.31852371,1384.262
1017,127.0889182,37.26333697,1383.805834
1018,127.1160397,37.25261126,1383.336522
1019,127.1605216,37.14007105,1380.172
1020,127.0773633,37.31287287,1379.231646
1021,127.2152704,37.25289146,1378.042902
1022,127.2288246,37.24661346,1375.481777
1023,127.0807689,37.30927943,1375.162649
1024,127.1169618,37.29317706,1374.918905
1025,127.1587631,37.28068543,1374.844953
1026,127.1394402,37.31127551,1374.210116
1027,127.2219102,37.2871604,1374.111405
1028,127.3755416,37.16392874,1372.087
1029,127.2242389,37.26733509,1371.418246
1030,127.2343134,37.28899168,1370.064
1031,127.0875692,37.30389499,1369.334817
1032,127.1194361,37.24991802,1367.087313
1033,127.1721666,37.3113707,1365.568
1034,127.0922481,37.27326384,1365.161226
1035,127.2488688,37.32237503,1364.815
1036,127.1067234,37.30936853,1364.648941
1037,127.1449689,37.09495447,1363.74
1038,127.1058442,37.26159174,1362.969481
1039,127.0591493,37.339848,1361.796
1040,127.1068079,37.29314377,1361.554955
1041,127.2198443,37.23577571,1361.016444
1042,127.0693404,37.33447723,1358.453067
1043,127.1645792,37.24104049,1355.950219
1044,127.1167697,37.33103482,1354.547972
1045,127.1055007,37.32739223,1353.469227
1046,127.1001435,37.27329077,1352.521677
1047,127.1124258,37.29766926,1352.174198
1048,127.1283283,37.2760868,1349.635015
1049,127.0751165,37.31106205,1349.6265
1050,127.1100576,37.31929485,1348.54654
1051,127.3113394,37.16474534,1347.99
1052,127.2174583,37.2709247,1347.291382
1053,127.0818175,37.32370535,1346.517114
1054,127.1702125,37.24195772,1343.886088
1055,127.1080249,37.27602132,1342.544587
1056,127.1785711,37.13200861,1342.016
1057,127.0840947,37.32010783,1337.165918
1058,127.1993367,37.2898094,1336.19088
1059,127.1021003,37.33008501,1335.613222
1060,127.1810574,37.34384501,1335.191614
1061,127.0862926,37.33093218,1334.022501
1062,127.1010096,37.32287024,1327.710174
1063,127.2342849,37.29710418,1327.387623
1064,127.2307232,37.34667264,1325.28
1065,127.1100483,37.32109759,1322.721581
1066,127.1576514,37.27707663,1320.716095
1067,127.1012429,37.27870285,1318.908746
1068,127.0908224,37.32824377,1318.888302
1069,127.171555,37.19238413,1317.176
1070,127.0650225,37.30020871,1316.762853
1071,127.3744928,37.11705374,1315.764
1072,127.375515,37.1801542,1313.85
1073,127.0762955,37.30205238,1312.735329
1074,127.2499467,37.33770095,1309.785355
1075,127.0988721,37.30032827,1309.309
1076,127.1463462,37.28245177,1308.528545
1077,127.1643832,37.28520847,1308.288774
1078,127.1147973,37.27514215,1308.207459
1079,127.1668261,37.24284964,1307.470849
1080,127.0896985,37.32733849,1305.828985
1081,127.1269377,37.32926454,1304.116333
1082,127.1972932,37.23662162,1303.169747
1083,127.1844519,37.34205134,1302.240598
1084,127.1089196,37.32109387,1297.203865
1085,127.1020385,37.34180282,1296.788068
1086,127.1280576,37.33107084,1296.060016
1087,127.3890719,37.15402657,1293.0
1088,127.082966,37.32010386,1292.372286
1089,127.1485646,37.29057093,1289.150713
1090,127.113881,37.23367483,1288.141942
1091,127.2488358,37.33229026,1287.555
1092,127.1111258,37.3310164,1287.047171
1093,127.1303063,37.33288066,1282.818529
1094,127.1643953,37.28250432,1281.610028
1095,127.1860044,37.24019784,1281.393
1096,127.3123989,37.19178945,1279.95
1097,127.2265467,37.25291803,1277.839749
1098,127.1509334,37.26624025,1276.373554
1099,127.130571,37.27879801,1275.056634
1100,127.0687212,37.24523717,1274.91399
1101,127.0784113,37.32729881,1274.859461
1102,127.1731545,37.34382344,1274.535
1103,127.1732131,37.33030279,1273.584
1104,127.2130391,37.24657626,1272.699
1105,127.0963986,37.34088233,1271.545549
1106,127.1215605,37.27606536,1270.547396
1107,127.1203103,37.30039899,1270.194897
1108,127.1190591,37.3247325,1269.757681
1109,127.2075789,37.20059121,1267.585016
1110,127.0897916,37.31021244,1266.397545
1111,127.1587509,37.28338958,1264.645687
1112,127.1565561,37.26986229,1264.421661
1113,127.0885698,37.32733457,1264.167631
1114,127.2578171,37.3476326,1263.492334
1115,127.1599114,37.27618175,1262.150928
1116,127.2230879,37.2736422,1261.689158
1117,127.109983,37.3337168,1261.13727
1118,127.1247474,37.31573679,1260.767
1119,127.1088495,37.33461445,1260.292671
1120,127.1100622,37.31839347,1259.431648
1121,127.2017992,37.23753446,1258.271769
1122,127.1102948,37.27332463,1255.704623
1123,127.3046209,37.14941035,1254.33
1124,127.1532014,37.26354272,1253.049521
1125,127.220832,37.2736369,1251.488758
1126,127.2209252,37.24839791,1250.122412
1127,127.2029514,37.23122752,1248.946518
1128,127.0976525,37.31745054,1248.891951
1129,127.1463083,37.29056421,1247.816781
1130,127.1201561,37.33104574,1246.848828
1131,127.1792513,37.23747553,1245.793981
1132,127.1965484,37.14107017,1244.914
1133,127.0775398,37.28132481,1243.416938
1134,127.1127399,37.23637531,1241.836637
1135,127.2197074,37.27273284,1241.703163
1136,127.1373866,37.26890373,1240.541872
1137,127.1194452,37.24811525,1240.443411
1138,127.1847944,37.26002545,1239.548
1139,127.1294872,37.26978066,1238.170927
1140,127.212957,37.26820967,1236.781678
1141,127.1144983,37.3337316,1235.87528
1142,127.1520488,37.26894773,1233.024893
1143,127.1622438,37.25906187,1232.010211
1144,127.0750099,37.3299908,1228.732439
1145,127.1849183,37.23027952,1227.801648
1146,127.1983955,37.24293425,1227.555471
1147,127.1078753,37.3048654,1227.529548
1148,127.2523819,37.28362247,1224.057502
1149,127.1246847,37.32835603,1222.722488
1150,127.3291942,37.23868813,1222.572
1151,127.1191683,37.3030995,1220.482026
1152,127.1058958,37.25167653,1220.390692
1153,127.0807539,37.31198354,1219.737062
1154,127.1204506,37.27245623,1217.321715
1155,127.1214702,37.29409296,1216.899056
1156,127.1553831,37.27977424,1216.025015
1157,127.0907735,37.33725746,1215.533274
1158,127.0740388,37.30204428,1212.690534
1159,127.2175526,37.24568571,1212.487955
1160,127.2065602,37.17264494,1211.036
1161,127.2533393,37.3359053,1209.949539
1162,127.0807839,37.30657532,1209.210503
1163,127.1014329,37.2426476,1208.573223
1164,127.1088636,37.33191033,1207.99072
1165,127.1167606,37.33283756,1207.671846
1166,127.0833836,37.24438827,1207.61
1167,127.1821902,37.34294667,1206.858304
1168,127.1520405,37.2707505,1206.50328
1169,127.1259787,37.29500868,1205.982985
1170,127.0956897,37.26245889,1202.372412
1171,127.320271,37.19811154,1201.626
1172,127.110397,37.25349422,1200.958457
1173,127.0976429,37.31925328,1200.646914
1174,127.0753546,37.26869747,1200.23876
1175,127.1217183,37.24451694,1199.574147
1176,127.0591651,37.33714391,1197.404861
1177,127.2322072,37.24662116,1196.036399
1178,127.0796705,37.3038672,1195.518872
1179,127.242401,37.23312271,1193.616
1180,127.1102344,37.28504256,1193.210062
1181,127.0648666,37.32724978,1192.432745
1182,127.2163406,37.26821783,1191.92561
1183,127.1463673,37.27794486,1191.212492
1184,127.193922,37.23390874,1188.144252
1185,127.1111072,37.33462189,1187.114423
1186,127.1032243,37.33099017,1186.252007
1187,127.2454341,37.33678994,1185.094754
1188,127.1360721,37.30765964,1184.724624
1189,127.1247071,37.32384916,1182.377996
1190,127.0716799,37.32006354,1182.21616
1191,127.2276743,37.25292063,1181.534796
1192,127.0772927,37.32549205,1181.507764
1193,127.2241698,37.28626429,1180.093
1194,127.1133972,37.32831969,1180.036063
1195,127.1995623,37.23302178,1179.77284
1196,127.1765569,37.34022724,1177.641425
1197,127.2151923,37.27362346,1176.56377
1198,127.2942685,37.22961855,1174.357696
1199,127.1849145,37.23118091,1169.987467
1200,127.1713986,37.22843997,1169.870191
1201,127.2660362,37.24579142,1163.867
1202,127.1183949,37.23278806,1163.580676
1203,127.108985,37.30847463,1163.045629
1204,127.2074641,37.23033735,1161.483457
1205,127.2242881,37.2538142,1159.716606
1206,127.1519699,37.28607402,1159.032087
1207,127.1667388,37.2626802,1158.631037
1208,127.1124073,37.30127476,1158.1535
1209,127.1894126,37.233897,1157.257686
1210,127.1926995,37.25734203,1155.306
1211,127.0897182,37.32373301,1154.633242
1212,127.154222,37.28698202,1154.153843
1213,127.108039,37.27331718,1154.024012
1214,127.2101632,37.11406163,1152.866
1215,127.113674,37.2742371,1152.133401
1216,127.2121411,37.18617981,1151.475608
1217,127.1839264,37.19782623,1150.393
1218,127.1178848,37.33374259,1147.106039
1219,127.1805877,37.18790177,1146.08
1220,127.2265434,37.25381943,1145.867372
1221,127.2510994,37.33049227,1144.704
1222,127.1441622,37.26712149,1144.540258
1223,127.1304784,37.297727,1140.444273
1224,127.0986852,37.33548179,1138.531319
1225,127.0965914,37.30482747,1138.021441
1226,127.0930701,37.3300543,1136.401935
1227,127.208581,37.23304432,1132.039627
1228,127.1565234,37.27707337,1131.275832
1229,127.0569338,37.33262865,1130.539079
1230,127.4026599,37.0963474,1129.854
1231,127.1180901,37.29318071,1129.669707
1232,127.1543004,37.26985572,1129.390037
1233,127.2086989,37.20239678,1126.574785
1234,127.2016784,37.26818179,1126.563217
1235,127.121312,37.32564112,1125.35456
1236,127.1235514,37.32925382,1121.929743
1237,127.1362977,37.26078781,1121.605114
1238,127.1833305,37.34024557,1121.216775
1239,127.2185829,37.27182878,1120.472882
1240,127.1304211,37.30944491,1116.953653
1241,127.1206089,37.24090779,1116.650146
1242,127.2510785,37.33680195,1115.383355
1243,127.2931461,37.22781378,1114.688421
1244,127.0852332,37.31830905,1113.252032
1245,127.1170486,37.27605085,1112.802907
1246,127.0852629,37.31290082,1112.689883
1247,127.0852728,37.31109808,1112.048926
1248,127.0696641,37.27769087,1111.498744
1249,127.1508668,37.2806624,1111.149929
1250,127.1091436,37.27782781,1109.409495
1251,127.1860194,37.23659227,1106.035476
1252,127.1238433,37.27066426,1105.260383
1253,127.1383419,37.30496242,1104.353
1254,127.2367142,37.24753267,1102.62
1255,127.1269288,37.33106729,1101.8334
1256,127.1448005,37.13101081,1101.629
1257,127.0615014,37.32363181,1101.301507
1258,127.1452732,37.27073041,1101.237013
1259,127.2840972,37.2386145,1100.63
1260,127.2310636,37.25112558,1099.032554
1261,127.1033806,37.30124486,1096.35459
1262,127.1496677,37.29598257,1095.520255
1263,127.1395907,37.27972721,1094.980014
1264,127.0930118,37.34087072,1093.433963
1265,127.1440859,37.28334639,1090.479157
1266,127.0807238,37.31739177,1089.409134
1267,127.1474196,37.2941731,1089.294308
1268,127.1473986,37.29868001,1089.02282
1269,127.0977293,37.30302857,1088.297
1270,127.1806978,37.16176111,1088.154
1271,127.0789088,37.23806264,1087.882607
1272,127.0707921,37.27769497,1086.534176
1273,127.2355299,37.26375525,1085.284
1274,127.1000577,37.28951558,1083.829098
1275,127.1508959,37.27435272,1082.277107
1276,127.1363887,37.24185869,1079.5
1277,127.1226209,37.28958967,1079.231921
1278,127.0863173,37.32642533,1078.631333
1279,127.0943007,37.31112937,1077.948012
1280,127.1882853,37.23389404,1077.864714
1281,127.1001387,37.27419215,1077.575485
1282,127.1293855,37.29051243,1077.49828
1283,127.1371832,37.31126862,1076.279071
1284,127.088619,37.31832087,1075.97182
1285,127.0852877,37.30839396,1075.376392
1286,127.1271114,37.29411087,1075.243284
1287,127.2796321,37.22328237,1074.61904
1288,127.0931625,37.31292824,1073.975104
1289,127.0755266,37.23805057,1073.515808
1290,127.3168317,37.22244433,1070.282
1291,127.2511529,37.31426733,1069.068
1292,127.2205753,37.34304356,1068.661
1293,127.140573,37.31037757,1067.55709
1294,127.0772775,37.32819615,1067.4334
1295,127.1303019,37.33378204,1066.551159
1296,127.0919804,37.32283945,1066.494753
1297,127.2772823,37.25572854,1066.206
1298,127.1295887,37.24904882,1065.064367
1299,127.100962,37.33188395,1064.608644
1300,127.1655353,37.27980336,1064.290739
1301,127.2026893,37.29793042,1064.185109
1302,127.1057596,37.27781659,1063.544553
1303,127.0965287,37.31654533,1063.213382
1304,127.2262169,37.34395814,1062.551
1305,127.1043626,37.32919121,1061.532329
1306,127.0785422,37.30386318,1060.851068
1307,127.1453028,37.26442072,1059.599772
1308,127.1475289,37.27073715,1058.882051
1309,127.1067422,37.30576303,1058.249221
1310,127.0720986,37.24615083,1056.762608
1311,127.2920857,37.20347389,1055.846
1312,127.3179199,37.23867133,1055.53
1313,127.088614,37.31922224,1055.210256
1314,127.0773381,37.31737972,1052.66441
1315,127.1338021,37.31035681,1048.985148
1316,127.202916,37.24024147,1047.934123
1317,127.196552,37.14016876,1047.768354
1318,127.1103366,37.2652122,1045.986421
1319,127.1101274,37.30577423,1045.339781
1320,127.1248146,37.30221614,1045.187803
1321,127.1202014,37.32203201,1044.451521
1322,127.1227919,37.25533716,1041.80391
1323,127.2005077,37.27899561,1040.58
1324,127.2209285,37.24749651,1040.336905
1325,127.130474,37.29862838,1040.200952
1326,127.1769965,37.2374694,1038.715334
1327,127.1621633,37.2770896,1037.539201
1328,127.1113532,37.28684903,1035.679261
1329,127.2287438,37.2691483,1032.667044
1330,127.2084351,37.27090282,1032.174
1331,127.0796404,37.30927543,1031.78678
1332,127.0443646,37.35781963,1031.472
1333,127.0811137,37.24708446,1028.456
1334,127.0751063,37.31286479,1027.81776
1335,127.177682,37.3411317,1026.976
1336,127.1216777,37.25262941,1025.441002
1337,127.0744296,37.23263823,1024.927671
1338,127.2313354,37.17450653,1024.83
1339,127.1125091,37.28144445,1024.39776
1340,127.1553666,37.28337978,1024.373746
1341,127.1179031,37.3301371,1023.887688
1342,127.0931042,37.3237447,1023.440876
1343,127.1892239,37.27986792,1022.856
1344,127.1543127,37.26715156,1022.566555
1345,127.1025273,37.24896107,1021.443949
1346,127.1762081,37.15814327,1016.114943
1347,127.1371876,37.31036724,1015.414426
1348,127.1720412,37.34021481,1014.777957
1349,127.3676338,37.17744141,1012.982
1350,127.1214295,37.30220536,1010.622892
1351,127.1503757,37.14274581,1008.692
1352,127.2375257,37.33857544,1008.543
1353,127.0740338,37.30294565,1007.886882
1354,127.0821167,37.26962293,1006.999823
1355,127.2433143,37.29622271,1006.175
1356,127.1530939,37.28697872,1006.086419
1357,127.1351265,37.26979818,1004.823852
1358,127.1093112,37.24537805,1004.140531
1359,127.1122824,37.32561188,1004.110102
1360,127.1100529,37.32019622,1002.645217
1361,127.1769811,37.24107497,1002.552212
1362,127.108137,37.25438816,1002.474568
1363,127.1709202,37.33840892,1002.448465
1364,127.0661611,37.2984101,1002.26147
1365,127.0744195,37.234441,1000.825985
1366,127.1103459,37.26340943,1000.091672
1367,127.0965962,37.3039261,999.815
1368,127.1170349,37.27875499,999.7923079
1369,127.1271203,37.29230811,999.1928573
1370,127.0766943,37.23084354,998.6746175
1371,127.0777764,37.23896001,998.5996786
1372,127.0818724,37.31379028,998.31085
1373,127.0710324,37.23533018,997.9097832
1374,127.1124859,37.28595135,995.7094541
1375,127.1679536,37.24285281,994.7305384
1376,127.0740083,37.30745251,993.0210219
1377,127.1135634,37.29587019,991.1987946
1378,127.1587468,37.28429096,988.0701593
1379,127.2185929,37.2691246,987.75663
1380,127.2120829,37.20150365,986.5977842
1381,127.0719303,37.2758963,986.3790952
1382,127.1565725,37.26625674,985.1739553
1383,127.0998093,37.33638699,984.4713079
1384,127.084189,37.30298177,982.9661038
1385,127.1191728,37.30219812,982.1089318
1386,127.0967982,37.26606826,981.3083276
1387,127.1260991,37.27067141,979.6021308
1388,127.0978877,37.27328313,979.4533467
1389,127.1370103,37.1120574,978.3397652
1390,127.1916527,37.23750847,978.2908438
1391,127.2931437,37.22871518,978.1829859
1392,127.0920145,37.31652985,978.0448942
1393,127.1091343,37.27963057,977.8496289
1394,127.0741811,37.27680581,977.1853012
1395,127.0819622,37.29756558,976.3543219
1396,127.0648718,37.32634841,976.3249845
1397,127.1995838,37.22761341,975.5454371
1398,127.1136325,37.28234952,975.4798555
1399,127.1011763,37.29132214,974.4623642
1400,127.1427318,37.33111606,971.896
1401,127.2309482,37.2835757,971.496
1402,127.1565602,37.2689609,970.7641625
1403,127.1214657,37.29499434,970.2493603
1404,127.0698948,37.23712885,968.7673698
1405,127.1011906,37.28861801,967.9846035
1406,127.1995731,37.2303176,967.9521113
1407,127.2612014,37.34854087,967.606
1408,127.1369328,37.12828272,967.288
1409,127.1170258,37.28055775,966.9185106
1410,127.1860082,37.23929645,965.661
1411,127.2152161,37.26731373,964.8962295
1412,127.3044234,37.22603012,964.402586
1413,127.1215469,37.27876951,963.8638657
1414,127.1632351,37.28971219,963.391
1415,127.0773331,37.31828109,963.3182205
1416,127.0840549,37.32731879,962.4461625
1417,127.2006932,37.23212324,960.7703533
1418,127.1392742,37.10936005,960.2524475
1419,127.0875051,37.31561283,959.5399722
1420,127.2318523,37.34667521,955.968
1421,127.0968366,37.25885722,953.4
1422,127.1269199,37.33287003,952.6907161
1423,127.1405687,37.31127895,952.1802892
1424,127.0818324,37.32100124,951.7737945
1425,127.1137844,37.25260392,951.6439921
1426,127.2852323,37.23591235,951.313
1427,127.0886583,37.31110989,948.6480672
1428,127.1656867,37.24555063,948.5729171
1429,127.0698487,37.24524128,948.3175532
1430,127.1667825,37.25276493,947.8689867
1431,127.2590527,37.31428368,947.855
1432,127.1193953,37.25803048,946.9336235
1433,127.1360678,37.30856102,943.3170795
1434,127.167922,37.25006393,942.0784419
1435,127.0818424,37.3191985,941.4184007
1436,127.1235739,37.32474695,939.7263549
1437,127.2231044,37.26913524,938.6346574
1438,127.0614857,37.32633591,938.6037757
1439,127.2174718,37.26731913,937.9939262
1440,127.109027,37.30036225,937.9165301
1441,127.1111769,37.32110131,937.7401976
1442,127.1999263,37.14107877,937.0158144
1443,127.1882742,37.23659822,936.3836991
1444,127.3100347,37.23595473,936.228
1445,127.1082444,37.23365632,934.3414049
1446,127.2053708,37.1888674,933.6253652
1447,127.0941698,37.33546639,930.413802
1448,127.2154601,37.20241322,929.3147378
1449,127.1797046,37.13020883,929.28
1450,127.1837872,37.23117791,928.5509897
1451,127.0674339,37.27317577,928.3920371
1452,127.1999406,37.13747314,927.3303083
1453,127.0706794,37.29752519,927.2606801
1454,127.0694587,37.31374577,927.0863723
1455,127.2022065,37.13387317,925.6981478
1456,127.1283549,37.27067851,925.6718985
1457,127.1104851,37.23636791,925.3006999
1458,127.0718179,37.29572653,924.8263487
1459,127.2250781,37.34665966,923.925
1460,127.2015752,37.29432204,923.818
1461,127.078517,37.30837004,922.3357105
1462,127.2006683,37.23843301,921.9981155
1463,127.1191865,37.29949399,921.6093885
1464,127.1844444,37.34385409,921.0176388
1465,127.2086087,37.22583315,920.4150564
1466,127.091242,37.25072545,920.4
1467,127.1081744,37.2471771,919.9369343
1468,127.1136601,37.27694124,919.2745518
1469,127.1206044,37.24180917,914.6501547
1470,127.077565,37.27681794,914.176116
1471,127.0979787,37.25615691,913.84
1472,127.3631375,37.17202781,913.616
1473,127.2006825,37.23482743,912.2630692
1474,127.071017,37.23803432,912.1187179
1475,127.1328664,37.27069259,911.5466585
1476,127.1688917,37.28612257,911.3326193
1477,127.0934342,37.26245117,910.4132067
1478,127.1751127,37.15092894,909.9352995
1479,127.0898014,37.30840969,909.3598895
1480,127.0942668,37.31743898,906.7735073
1481,127.1666554,37.28160931,905.6463003
1482,127.0762652,37.30746061,905.0913722
1483,127.0998332,37.33188014,904.2031266
1484,127.2118703,37.25739024,903.862
1485,127.1474112,37.29597587,903.536
1486,127.1957415,37.34208091,902.666
1487,127.104509,37.30124863,902.4241168
1488,127.0976141,37.32466151,899.1147033
1489,127.0885403,37.33274279,898.3201082
1490,127.1894237,37.23119282,897.8663434
1491,127.096803,37.26516688,897.8490704
1492,127.1020955,37.33098638,897.5038539
1493,127.1135126,37.30578533,896.7294744
1494,127.1530525,37.29599254,896.6345723
1495,127.2863546,37.23771719,894.361
1496,127.126108,37.26886864,894.1947708
1497,127.0863371,37.32281985,893.9157825
1498,127.1156868,37.32201743,893.9142314
1499,127.1577166,37.26265446,893.4376793
1500,127.243253,37.31425046,892.86
1501,127.1204144,37.27966727,892.8318762
1502,127.1267345,37.1417723,892.213
1503,127.0907393,37.34356704,891.7319858
1504,127.0762601,37.30836198,890.2273578
1505,127.1656349,37.25726869,889.4247108
1506,127.0777814,37.23805863,889.0968094
1507,127.2075824,37.19968981,887.9404732
1508,127.13848,37.27611824,887.3504141
1509,127.0717055,37.3155567,887.2436541
1510,127.3167881,37.2404724,885.5
1511,127.0900558,37.26153812,882.2859667
1512,127.1553502,37.28698531,879.7672565
1513,127.1150588,37.22376323,879.4333304
1514,127.0672739,37.30111835,879.3543457
1515,127.1713556,37.23835529,876.6033128
1516,127.0829312,37.32641345,874.7143024
1517,127.1497221,37.2842646,873.1652563
1518,127.0953373,37.3282593,871.9192615
1519,127.0956608,37.26786717,871.6623868
1520,127.1077488,37.32920248,870.5221765
1521,127.2220362,37.25290753,870.1979218
1522,127.2570998,37.21963268,870.012
1523,127.064851,37.32995388,869.4345642
1524,127.0800862,37.22905282,868.707
1525,127.2108391,37.23214845,868.3350029
1526,127.1372655,37.29414242,867.8698724
1527,127.0964323,37.33457274,867.536433
1528,127.1124675,37.28955686,866.4867639
1529,127.0922432,37.27416522,866.2545183
1530,127.1145582,37.32201376,865.753351
1531,127.0728799,37.30744844,865.6841498
1532,127.1091529,37.27602505,864.666016
1533,127.214187,37.24117062,864.4213487
1534,127.0808339,37.29756159,864.2748675
1535,127.1304167,37.31034629,863.8195712
1536,127.0754912,37.24436024,863.7944501
1537,127.0986612,37.33998864,863.3781791
1538,127.1181948,37.27244897,861.875018
1539,127.1452351,37.27884287,859.9745513
1540,127.137352,37.27611479,859.1298598
1541,127.1396337,37.27071338,858.4606242
1542,127.2118669,37.25829163,857.698
1543,127.0998284,37.33278151,856.8875745
1544,127.1025557,37.24355277,856.4737161
1545,127.0695511,37.29752109,856.0509252
1546,127.1508335,37.28787347,856.034494
1547,127.1009095,37.34179902,853.1076029
1548,127.1905179,37.23930832,852.0484067
1549,127.3011789,37.17374288,850.8433753
1550,127.0705308,37.32366493,849.686244
1551,127.0730379,37.27950588,847.5320194
1552,127.1043531,37.33099395,847.2738468
1553,127.0660627,37.31553614,846.7519952
1554,127.1124397,37.29496513,846.0719468
1555,127.0704846,37.33177723,845.8878244
1556,127.0875298,37.31110597,845.8540151
1557,127.0728085,37.32006762,844.2091889
1558,127.1762004,37.15994607,842.4940401
1559,127.103248,37.32648331,842.1756905
1560,127.1066483,37.3237905,841.4543597
1561,127.0898504,37.29939596,840.549
1562,127.0741608,37.28041131,840.3932259
1563,127.1360808,37.30585688,838.8849862
1564,127.0786729,37.28042746,838.7848353
1565,127.1826637,37.2302735,838.5839998
1566,127.115566,37.12370826,838.04
1567,127.197286,37.23842441,837.7080864
1568,127.1621673,37.27618821,837.6862881
1569,127.0933711,37.2741691,837.4831786
1570,127.1160305,37.25441402,836.5888725
1571,127.0855843,37.25431138,835.8620237
1572,127.0874953,37.31741557,835.4250897
1573,127.1465274,37.24369219,835.38
1574,127.1156914,37.32111606,834.631743
1575,127.1599722,37.26266096,834.3599902
1576,127.0660316,37.32094435,833.400705
1577,127.0795651,37.32279598,833.1024418
1578,127.2098775,37.18887853,833.018949
1579,127.1408344,37.25539326,832.8946424
1580,127.1429194,37.29145543,832.673
1581,127.1123426,37.31389402,831.6613334
1582,127.1822054,37.33934116,831.4731085
1583,127.0684229,37.29751698,831.3779857
1584,127.0979308,37.26517072,830.9648623
1585,127.2176165,37.22855918,830.8370494
1586,127.224298,37.25111002,830.3161772
1587,127.2110625,37.17355741,830.25
1588,127.1338895,37.29232924,828.4345088
1589,127.1194225,37.25262218,827.9063612
1590,127.1338152,37.30765268,827.2369084
1591,127.1049329,37.22012428,827.076
1592,127.2162594,37.28985117,826.2297207
1593,127.2466447,37.31245498,825.854
1594,127.0728136,37.31916625,825.5884406
1595,127.2050514,37.27089444,820.868
1596,127.2074537,37.23304154,819.9629973
1597,127.1091016,37.28594022,819.9601598
1598,127.1103877,37.25529699,819.1132773
1599,127.1373909,37.26800234,818.6229407
1600,127.2276776,37.25201924,817.7629302
1601,127.0741913,37.27500306,817.3881028
1602,127.2897668,37.22690642,817.1048274
1603,127.2219799,37.26823121,816.2442807
1604,127.2537125,37.2214285,816.056
1605,127.2241862,37.28175734,815.095
1606,127.1145121,37.33102749,814.3745249
1607,127.0744094,37.23624376,814.2165414
1608,127.1599357,37.27077344,813.1632686
1609,127.1776705,37.34383583,811.8468427
1610,127.1114551,37.26701867,811.6609057
1611,127.1225984,37.29409656,811.5794673
1612,127.059223,37.32722889,810.8620589
1613,127.2265695,37.24660827,810.85
1614,127.2083899,37.28262088,810.6003686
1615,127.1374428,37.25718572,809.1368323
1616,127.0710068,37.23983708,806.6441542
1617,127.2533422,37.33500391,805.8118142
1618,127.0751621,37.30294971,805.3807242
1619,127.1080763,37.26610613,805.1818679
1620,127.0766389,37.24075875,805.0951792
1621,127.2140167,37.28624019,804.7394742
1622,127.0832198,37.2741338,804.4641269
1623,127.0699357,37.22991779,802.9549332
1624,127.0945281,37.2687647,802.7639533
1625,127.2807228,37.23590408,802.736
1626,127.1596881,37.32575772,802.316
1627,127.2240941,37.30699619,802.122
1628,127.1020527,37.33909871,801.9035263
1629,127.2162763,37.28534423,801.2742293
1630,127.1781086,37.24107804,800.9731725
1631,127.2262398,37.33764847,800.09
1632,127.0899825,37.27505881,798.7337835
1633,127.2065567,37.17354634,798.228
1634,127.0806938,37.32279999,798.1679458
1635,127.2965037,37.23683366,796.924
1636,127.0750454,37.32368123,796.84444
1637,127.1463294,37.2860573,796.8234556
1638,127.0942135,37.32735406,796.5737663
1639,127.0943443,37.30301701,796.005
1640,127.1021336,37.32377541,795.6626381
1641,127.2185795,37.27273017,795.1628841
1642,127.1101181,37.30757698,794.8428805
1643,127.091956,37.3273463,794.4918743
1644,127.1575819,37.29240015,794.4470938
1645,127.1181903,37.27335035,794.1937319
1646,127.2175795,37.23847454,793.4183415
1647,127.0953035,37.33456889,791.8352327
1648,127.108095,37.26250061,791.0066264
1649,127.103735,37.23364131,790.92
1650,127.2031174,37.18886178,790.4797875
1651,127.1972752,37.24112859,790.3293289
1652,127.3338127,37.18911719,789.745
1653,127.2365918,37.28268699,788.5115444
1654,127.1156593,37.32742567,788.456866
1655,127.1171399,37.25802321,787.7198419
1656,127.1531312,37.27886627,787.0035484
1657,127.086347,37.32101711,786.670063
1658,127.2085636,37.2375513,786.1216603
1659,127.1114968,37.25890623,785.929108
1660,127.108123,37.25709231,785.6256474
1661,127.2106426,37.2835278,784.9508383
1662,127.2129501,37.27001245,784.1672409
1663,127.1138396,37.24178731,783.1355643
1664,127.0943781,37.29670739,781.911
1665,127.1168109,37.32292246,781.6005546
1666,127.1554159,37.27256316,781.4615039
1667,127.1994263,37.2672747,780.0320681
1668,127.0909006,37.31382184,779.3674552
1669,127.1893609,37.24651651,778.854
1670,127.0954485,37.30752774,778.6720205
1671,127.2144588,37.16905858,778.6
1672,127.0863124,37.3273267,778.3582281
1673,127.1224317,37.32744747,777.7985839
1674,127.1810612,37.34294363,777.4612468
1675,127.1246892,37.32745465,775.0185444
1676,127.0907686,37.33815883,774.9586907
1677,127.1565766,37.26535536,774.9347331
1678,127.0809889,37.26961895,773.2474648
1679,127.1303107,37.33197929,773.2437022
1680,127.2061548,37.27720697,772.751516
1681,127.10432,37.33730354,771.2801663
1682,127.1138442,37.24088592,770.7146872
1683,127.2097981,37.20961075,769.86
1684,127.0704692,37.33448133,768.8547556
1685,127.1012049,37.28591388,768.7366022
1686,127.0953663,37.32285107,767.8595514
1687,127.1160488,37.25080849,767.496653
1688,127.1363151,37.25718226,766.9291767
1689,127.2151957,37.27272207,766.6974713
1690,127.0671861,37.31644164,766.5152172
1691,127.1705809,37.15722634,765.9656102
1692,127.0602467,37.34526039,765.606
1693,127.1082537,37.23185354,765.1575385
1694,127.1158565,37.28866651,764.757423
1695,127.2085914,37.23034013,764.5362485
1696,127.0947936,37.21918862,763.982
1697,127.1066389,37.32559325,761.7447205
1698,127.0957715,37.2471354,761.264
1699,127.2134141,37.14742208,760.563
1700,127.1784796,37.15364237,759.8426258
1701,127.093041,37.33546251,758.6595544
1702,127.1112651,37.30397519,758.2751164
1703,127.1116125,37.23637162,758.2632871
1704,127.2188173,37.20873109,758.142
1705,127.0896593,37.33454945,758.0119003
1706,127.2142313,37.22945247,757.8950423
1707,127.078512,37.30927141,756.3891752
1708,127.127098,37.296815,756.2310484
1709,127.3157681,37.1963018,756.0
1710,127.2019837,37.19066175,755.8743164
1711,127.126001,37.29050179,755.5821303
1712,127.2142074,37.23576224,755.3665593
1713,127.2142142,37.23395945,755.0337606
1714,127.1451589,37.29506774,754.464
1715,127.108999,37.30577051,752.9298416
1716,127.0952842,37.33817436,752.6359586
1717,127.0897867,37.31111381,751.0953417
1718,127.1043295,37.3355008,750.4956533
1719,127.1057737,37.27511245,749.7082843
1720,127.0743637,37.24435619,748.5738083
1721,127.0762045,37.31827706,748.4743329
1722,127.0705,37.32907313,747.9977251
1723,127.1145214,37.32922474,747.5950268
1724,127.0908713,37.31923007,743.5754822
1725,127.1034232,37.29313247,742.925
1726,127.1215424,37.27967089,742.9037117
1727,127.1078987,37.30035852,741.4106725
1728,127.1429706,37.28063885,740.6834941
1729,127.1668182,37.24465242,739.8160391
1730,127.1172721,37.23188303,738.9609493
1731,127.086426,37.30659517,738.8251827
1732,127.2042898,37.17714636,738.556
1733,127.1639513,37.12836239,738.14
1734,127.1677557,37.28792217,737.128
1735,127.0716441,37.32637312,737.0060734
1736,127.1012524,37.27690009,735.8974798
1737,127.1093159,37.24447667,735.2942644
1738,127.1214612,37.29589572,735.2016207
1739,127.0852976,37.30659122,734.9605123
1740,127.3292937,37.19451924,734.8
1741,127.143128,37.2472876,734.448
1742,127.2164622,37.23576766,734.2409511
1743,127.0966154,37.3003206,734.05
1744,127.0877413,37.27234684,733.4136559
1745,127.2108425,37.23124705,731.8274464
1746,127.1135265,37.30308121,731.0024612
1747,127.1013095,37.26608354,730.5474512
1748,127.1012572,37.27599872,730.4588361
1749,127.0863964,37.3120034,730.107626
1750,127.327032,37.1981216,729.75
1751,127.1898368,37.13023578,729.324
1752,127.0997902,37.33999246,727.9601203
1753,127.2367236,37.24482848,726.1338158
1754,127.1009954,37.32557435,723.9046603
1755,127.2840998,37.2377131,723.005
1756,127.1136279,37.2832509,721.6692801
1757,127.071915,37.27860043,719.735251
1758,127.1576309,37.28158356,719.7082984
1759,127.1939038,37.23841571,719.3165762
1760,127.0888937,37.26784387,719.04612
1761,127.1564209,37.29960794,718.0608488
1762,127.1147605,37.28235319,716.3353396
1763,127.3213298,37.22695824,716.126
1764,127.2164419,37.24117604,716.0574639
1765,127.0930896,37.32644882,715.8306656
1766,127.0863865,37.31380614,713.2108545
1767,127.1691559,37.22572951,713.2069776
1768,127.1167972,37.32562658,712.7759619
1769,127.079535,37.3282042,712.5191719
1770,127.1269778,37.32115217,711.7579465
1771,127.1950494,37.23391165,711.6833857
1772,127.1009429,37.33548943,711.5244056
1773,127.1531394,37.2770635,709.8099946
1774,127.0920291,37.31382573,709.6461131
1775,127.3958413,37.14501852,708.864
1776,127.1306767,37.25716481,708.084
1777,127.1564045,37.30321346,707.292
1778,127.0718077,37.29752928,706.7706881
1779,127.0875445,37.30840185,706.3979823
1780,127.106986,37.25889134,706.3279715
1781,127.2604527,37.22865357,706.008
1782,127.136237,37.27340718,705.3896365
1783,127.1156547,37.32832704,705.3552982
1784,127.1360591,37.31036377,705.1337792
1785,127.1424811,37.14542651,704.7
1786,127.149768,37.27434938,704.6473272
1787,127.3292755,37.20263192,704.525
1788,127.0755872,37.22723398,703.8893819
1789,127.1145858,37.31660551,703.6675506
1790,127.0854756,37.27414172,703.5050897
1791,127.1001673,37.26878387,703.3586978
1792,127.2187002,37.24028002,702.2721982
1793,127.1201515,37.33194711,702.0308616
1794,127.1078706,37.30576677,701.75801
1795,127.0709813,37.24434399,700.5276238
1796,127.1700238,37.28522433,699.6994729
1797,127.2252422,37.3015905,699.2
1798,127.2299328,37.2520244,699.1900676
1799,127.1486861,37.26443081,697.9489256
1800,127.2660557,37.23948164,697.088
1801,127.1565479,37.27166506,696.5068725
1802,127.1496552,37.29868671,696.1911864
1803,127.1091809,37.27061677,696.1291301
1804,127.1124998,37.28324721,695.1091518
1805,127.2482085,37.18175489,692.258
1806,127.2276321,37.26463875,691.6691995
1807,127.1475583,37.26442746,691.4987341
1808,127.1214024,37.30761362,690.7723053
1809,127.2133324,37.16905586,687.777
1810,127.1204054,37.28147004,687.5334637
1811,127.2253274,37.2781544,686.8964369
1812,127.0740134,37.30655114,686.7427574
1813,127.0910519,37.28587923,686.392
1814,127.1115246,37.25349793,685.8584672
1815,127.3664803,37.19276416,684.988
1816,127.2365792,37.28629255,684.86
1817,127.2829904,37.23140123,681.728
1818,127.1079314,37.29404889,681.5088633
1819,127.1385058,37.27070994,681.3204942
1820,127.1351352,37.26799541,680.9043117
1821,127.2186834,37.24478699,680.4349374
1822,127.3023194,37.1683363,679.9093048
1823,127.1183495,37.24180193,679.1979796
1824,127.2841178,37.23140329,678.714
1825,127.2953958,37.2296205,677.2061405
1826,127.3349609,37.17920324,676.2
1827,127.0953567,37.32465382,675.0593105
1828,127.1860231,37.23569087,674.9497882
1829,127.178323,37.19059988,673.614
1830,127.0694484,37.31554851,673.2187551
1831,127.244293,37.34039304,672.8737115
1832,127.0721852,37.23082734,672.0031048
1833,127.0778367,37.22814342,671.4122463
1834,127.0975371,37.33908344,670.7814077
1835,127.11395,37.22015401,670.1360499
1836,127.0963841,37.34358643,669.918957
1837,127.1180673,37.2976876,668.468575
1838,127.1870462,37.26093282,667.668
1839,127.2231077,37.26823385,666.727156
1840,127.0685721,37.27137714,666.6910349
1841,127.0911299,37.27145719,666.2513198
1842,127.1104387,37.24538177,665.3346463
1843,127.2431303,37.35030578,664.938
1844,127.2287244,37.27455664,664.7080037
1845,127.1111444,37.32741092,664.5950045
1846,127.1340859,37.251767,664.5883106
1847,127.1113115,37.29496143,663.9079438
1848,127.1582495,37.14457161,662.312
1849,127.1731584,37.34292206,661.508
1850,127.3721414,37.17654495,661.402
1851,127.1092647,37.25439189,660.7089403
1852,127.0931722,37.3111255,660.0423581
1853,127.3225373,37.19270648,659.692
1854,127.1282219,37.29771993,659.1256846
1855,127.1714377,37.21942603,658.716
1856,127.1704282,37.192381,658.588
1857,127.1544733,37.23199741,658.416
1858,127.074049,37.30024154,658.1793143
1859,127.0788937,37.24076679,658.1773758
1860,127.1508501,37.28426794,658.0234786
1861,127.1068782,37.2796231,655.920904
1862,127.2511053,37.3286895,654.964
1863,127.0706897,37.29572244,654.6812507
1864,127.1021288,37.32467678,654.5350858
1865,127.0671603,37.32094848,653.8838849
1866,127.1080156,37.27782408,653.5403356
1867,127.2521808,37.34491676,653.3952272
1868,127.3890746,37.15222374,653.314
1869,127.1145628,37.32111238,652.7591851
1870,127.0699255,37.23172056,652.074245
1871,127.3958364,37.14862419,651.888
1872,127.1183449,37.24270331,651.7696503
1873,127.1102762,37.27693015,651.4819147
1874,127.1054489,37.33730731,651.3693015
1875,127.1272225,37.27157635,651.1337094
1876,127.2284327,37.35568128,650.76
1877,127.0976237,37.32285877,650.2442816
1878,127.3935842,37.14862219,650.238
1879,127.082057,37.28043946,650.0387028
1880,127.1032907,37.31837097,649.254654
1881,127.0885944,37.32282772,647.9197403
1882,127.211114,37.16003632,647.622
1883,127.3325406,37.25491819,646.84
1884,127.0886632,37.31020852,645.5469487
1885,127.0885157,37.33724963,645.5404196
1886,127.120532,37.25623133,645.5347359
1887,127.0875396,37.30930322,645.5002139
1888,127.1599924,37.25815402,645.0792135
1889,127.0952793,37.33907573,644.2905832
1890,127.09568,37.26426165,643.847096
1891,127.1668301,37.24194825,643.3561369
1892,127.1859371,37.25642289,643.306
1893,127.1031864,37.33820113,642.7156261
1894,127.0830009,37.31379426,642.3034336
1895,127.2367111,37.24843406,641.402
1896,127.1374255,37.26079126,641.2699545
1897,127.2343325,37.28358334,641.1358435
1898,127.3270381,37.19541738,641.072
1899,127.195756,37.3384754,640.978
1900,127.1293059,37.30673725,639.8434657
1901,127.1201425,37.33374986,639.3657172
1902,127.0674288,37.27407715,639.0730118
1903,127.1916159,37.2465224,638.142
1904,127.1404785,37.33020785,637.3069139
1905,127.1939147,37.23571153,636.4812127
1906,127.1382037,37.33380646,636.4551391
1907,127.1993116,37.2961191,636.3053383
1908,127.2039412,37.26638467,636.0217701
1909,127.1258045,37.33016235,635.9480863
1910,127.1950312,37.23841862,635.3976167
1911,127.2332235,37.27817246,634.9596273
1912,127.0580521,37.3344356,634.8717436
1913,127.2739881,37.22597596,634.8284207
1914,127.2716656,37.24850662,633.99
1915,127.1531063,37.28427457,633.8302743
1916,127.1102251,37.28684532,632.9843498
1917,127.3146259,37.2026099,632.422
1918,127.1306062,37.27158695,632.3639375
1919,127.1871654,37.23208828,631.762159
1920,127.0941213,37.34448008,630.7852543
1921,127.1464053,37.2698324,630.5983618
1922,127.2231242,37.26372689,630.4130121
1923,127.1057455,37.28052072,630.1943347
1924,127.2076172,37.19067579,629.0546574
1925,127.0852381,37.31740768,628.8060274
1926,127.3180325,37.19179824,628.496
1927,127.0952745,37.3399771,628.2998012
1928,127.1054772,37.33189909,628.0044796
1929,127.1179213,37.32653161,627.4025175
1930,127.1452224,37.28154702,626.8433498
1931,127.0753698,37.26599334,625.0472876
1932,127.2062284,37.25827777,624.832
1933,127.0919268,37.33275452,624.6953046
1934,127.1160442,37.25170987,623.4760121
1935,127.1082677,37.22914938,623.0888949
1936,127.1837759,37.23388209,621.6676964
1937,127.0784768,37.31558101,621.5591434
1938,127.1677636,37.28611941,621.0207063
1939,127.1091622,37.27422229,620.7845801
1940,127.0846397,37.22095625,619.8813072
1941,127.1224097,37.10570186,619.392
1942,127.1101321,37.30487286,618.4650567
1943,127.1542427,37.2824751,618.2184094
1944,127.0888643,37.27325214,618.0398058
1945,127.1058912,37.25257791,617.9639907
1946,127.1453408,37.25630825,617.9631355
1947,127.2265011,37.26553754,617.7092555
1948,127.1104294,37.24718454,617.2855932
1949,127.0896446,37.33725355,616.8795787
1950,127.1272314,37.26977358,616.7342107
1951,127.1475331,37.26983577,616.7130322
1952,127.1792398,37.24017971,616.5687806
1953,127.1149258,37.24990344,615.7488398
1954,127.1081464,37.2525854,615.576777
1955,127.183791,37.23027651,615.3192826
1956,127.2050655,37.26728888,613.771
1957,127.1180764,37.29588484,613.1580345
1958,127.0829511,37.32280797,612.6084728
1959,127.0846446,37.22005487,612.143
1960,127.212998,37.25739297,611.707
1961,127.3280667,37.2386865,611.286
1962,127.2908916,37.22780982,610.9849152
1963,127.1461097,37.33292899,609.408
1964,127.1273336,37.24904174,608.953
1965,127.1303549,37.32296555,608.949
1966,127.0753293,37.27320436,608.360304
1967,127.0693764,37.32816766,608.3598527
1968,127.1037303,37.2345427,608.0341813
1969,127.214078,37.27001518,607.8609079
1970,127.0897525,37.31742342,607.43263
1971,127.093109,37.32284333,606.330704
1972,127.0685464,37.27588401,606.0551915
1973,127.0751723,37.30114696,605.5994354
1974,127.1348259,37.33199331,605.1823949
1975,127.1214476,37.29859985,604.4526769
1976,127.1893794,37.24200954,603.9
1977,127.2110694,37.1717546,603.359
1978,127.1126291,37.25800854,602.8865658
1979,127.0716901,37.3182608,602.4819176
1980,127.1474659,37.2842579,601.8567186
1981,127.095376,37.32104833,601.6260932
1982,127.2234042,37.18710805,600.283
1983,127.1100995,37.31118248,598.1929928
1984,127.1492497,37.14274248,597.399
1985,127.1430344,37.26711809,597.1276371
1986,127.1539834,37.09227685,595.884
1987,127.1111908,37.31839719,594.9792142
1988,127.1655313,37.28070475,593.7530909
1989,127.1080203,37.2769227,593.5138277
1990,127.1427574,37.32570781,593.052
1991,127.1697913,37.33840578,592.5057002
1992,127.1184403,37.22377418,592.2647982
1993,127.1156272,37.33373527,592.2236562
1994,127.0785925,37.29484945,591.7460205
1995,127.124828,37.299512,591.6541804
1996,127.1270001,37.3166453,590.826
1997,127.1325735,37.09852241,590.358
1998,127.1316946,37.27970291,590.2953427
1999,127.1314615,37.32747594,589.415447
